time,voltage,current,power,pwm,running,stop_reason
0.000,1.422,0.000,0.000,10,1,0
0.106,1.412,0.122,0.172,20,1,0
0.214,1.403,0.236,0.331,30,1,0
0.320,1.399,0.334,0.467,40,1,0
0.427,1.389,0.446,0.620,50,1,0
0.533,1.383,0.652,0.902,60,1,0
0.641,1.381,0.764,1.055,70,1,0
0.747,1.385,0.678,0.939,80,1,0
0.854,1.371,0.984,1.349,90,1,0
0.960,1.363,0.898,1.224,100,1,0
1.068,1.350,1.002,1.353,110,1,0
1.174,1.355,1.320,1.789,120,1,0
1.281,1.352,1.224,1.655,130,1,0
1.388,1.328,1.430,1.900,140,1,0
1.495,1.332,1.546,2.059,150,1,0
1.601,1.324,1.628,2.156,160,1,0
1.709,1.316,1.758,2.314,170,1,0
1.815,1.307,1.770,2.313,180,1,0
1.922,1.317,2.066,2.721,190,1,0
2.029,1.299,1.982,2.575,200,1,0
2.136,1.291,2.086,2.693,210,1,0
2.242,1.288,2.386,3.074,220,1,0
2.350,1.277,2.294,2.929,230,1,0
2.456,1.273,2.602,3.312,240,1,0
2.563,1.261,2.594,3.272,250,1,0
2.669,1.257,2.698,3.393,255,1,0
2.777,1.258,2.748,3.457,255,1,0
2.883,1.256,2.746,3.449,255,1,0
2.990,1.257,2.746,3.451,255,1,0
3.097,1.254,2.744,3.440,255,1,0
3.204,1.256,2.742,3.443,255,1,0
3.310,1.251,2.740,3.429,255,1,0
3.418,1.251,2.740,3.428,255,1,0
3.524,1.251,2.740,3.429,255,1,0
3.631,1.253,2.738,3.429,255,1,0
3.738,1.253,2.738,3.431,255,1,0
3.845,1.252,2.738,3.427,255,1,0
3.951,1.251,2.738,3.425,255,1,0
4.059,1.249,2.736,3.417,255,1,0
4.165,1.251,2.736,3.423,255,1,0
4.272,1.247,2.734,3.410,255,1,0
4.379,1.246,2.734,3.407,255,1,0
4.486,1.246,2.734,3.407,255,1,0
4.592,1.248,2.732,3.409,255,1,0
4.700,1.247,2.732,3.406,255,1,0
4.806,1.246,2.730,3.402,255,1,0
4.913,1.246,2.730,3.403,255,1,0
5.020,1.246,2.726,3.397,255,1,0
5.127,1.246,2.726,3.397,255,1,0
5.233,1.246,2.726,3.397,255,1,0
5.341,1.246,2.726,3.398,255,1,0
5.447,1.246,2.726,3.397,255,1,0
5.554,1.246,2.726,3.397,255,1,0
5.661,1.246,2.724,3.395,255,1,0
5.768,1.246,2.724,3.394,255,1,0
5.874,1.246,2.722,3.392,255,1,0
5.982,1.245,2.722,3.388,255,1,0
6.088,1.244,2.720,3.383,255,1,0
6.195,1.244,2.720,3.382,255,1,0
6.302,1.241,2.720,3.376,255,1,0
6.409,1.241,2.718,3.374,255,1,0
6.515,1.242,2.718,3.375,255,1,0
6.623,1.240,2.718,3.371,255,1,0
6.729,1.244,2.716,3.377,255,1,0
6.836,1.240,2.716,3.368,255,1,0
6.943,1.237,2.714,3.356,255,1,0
7.050,1.236,2.714,3.356,255,1,0
7.156,1.236,2.714,3.356,255,1,0
7.264,1.236,2.712,3.353,255,1,0
7.370,1.236,2.712,3.353,255,1,0
7.477,1.236,2.712,3.353,255,1,0
7.584,1.236,2.712,3.353,255,1,0
7.691,1.236,2.712,3.353,255,1,0
7.797,1.237,2.710,3.352,255,1,0
7.905,1.236,2.710,3.351,255,1,0
8.011,1.236,2.710,3.351,255,1,0
8.118,1.236,2.708,3.348,255,1,0
8.225,1.236,2.708,3.348,255,1,0
8.332,1.234,2.708,3.341,255,1,0
8.438,1.236,2.708,3.348,255,1,0
8.546,1.235,2.706,3.341,255,1,0
8.652,1.232,2.706,3.335,255,1,0
8.759,1.232,2.704,3.330,255,1,0
8.865,1.233,2.704,3.333,255,1,0
8.973,1.232,2.704,3.332,255,1,0
9.079,1.232,2.704,3.331,255,1,0
9.186,1.232,2.704,3.330,255,1,0
9.293,1.232,2.704,3.330,255,1,0
9.400,1.232,2.704,3.332,255,1,0
9.506,1.232,2.702,3.328,255,1,0
9.614,1.232,2.702,3.328,255,1,0
9.720,1.232,2.702,3.328,255,1,0
9.827,1.232,2.702,3.328,255,1,0
9.934,1.232,2.700,3.325,255,1,0
10.041,1.232,2.700,3.325,255,1,0
10.147,1.230,2.700,3.322,255,1,0
10.255,1.232,2.698,3.323,255,1,0
10.361,1.227,2.698,3.311,255,1,0
10.468,1.227,2.698,3.312,255,1,0
10.575,1.229,2.698,3.316,255,1,0
10.682,1.227,2.698,3.310,255,1,0
10.789,1.227,2.696,3.307,255,1,0
10.896,1.227,2.696,3.307,255,1,0
11.002,1.227,2.696,3.307,255,1,0
11.110,1.227,2.696,3.307,255,1,0
11.216,1.227,2.696,3.307,255,1,0
11.323,1.227,2.696,3.307,255,1,0
11.431,1.227,2.694,3.306,255,1,0
11.537,1.227,2.694,3.306,255,1,0
11.645,1.227,2.694,3.305,255,1,0
11.751,1.227,2.692,3.302,255,1,0
11.858,1.227,2.692,3.302,255,1,0
11.965,1.227,2.692,3.302,255,1,0
12.072,1.225,2.692,3.298,255,1,0
12.178,1.224,2.690,3.291,255,1,0
12.286,1.224,2.690,3.293,255,1,0
12.392,1.223,2.690,3.291,255,1,0
12.500,1.222,2.690,3.287,255,1,0
12.606,1.224,2.688,3.291,255,1,0
12.713,1.223,2.688,3.287,255,1,0
12.820,1.222,2.688,3.284,255,1,0
12.927,1.224,2.688,3.290,255,1,0
13.033,1.223,2.688,3.286,255,1,0
13.141,1.223,2.686,3.284,255,1,0
13.247,1.222,2.688,3.284,255,1,0
13.355,1.222,2.688,3.286,255,1,0
13.461,1.223,2.686,3.285,255,1,0
13.568,1.222,2.686,3.282,255,1,0
13.675,1.224,2.686,3.287,255,1,0
13.782,1.222,2.686,3.281,255,1,0
13.889,1.222,2.684,3.280,255,1,0
13.996,1.223,2.684,3.282,255,1,0
14.102,1.221,2.684,3.278,255,1,0
14.210,1.222,2.682,3.276,255,1,0
14.316,1.222,2.682,3.277,255,1,0
14.423,1.222,2.682,3.276,255,1,0
14.530,1.220,2.682,3.271,255,1,0
14.637,1.222,2.682,3.277,255,1,0
14.744,1.218,2.680,3.265,255,1,0
14.851,1.220,2.680,3.270,255,1,0
14.957,1.220,2.680,3.269,255,1,0
15.065,1.218,2.680,3.265,255,1,0
15.171,1.217,2.680,3.262,255,1,0
15.278,1.217,2.680,3.262,255,1,0
15.385,1.218,2.680,3.264,255,1,0
15.492,1.217,2.678,3.259,255,1,0
15.599,1.217,2.678,3.260,255,1,0
15.706,1.217,2.678,3.259,255,1,0
15.812,1.218,2.678,3.263,255,1,0
15.920,1.217,2.678,3.259,255,1,0
16.026,1.218,2.678,3.262,255,1,0
16.133,1.217,2.676,3.257,255,1,0
16.240,1.217,2.676,3.257,255,1,0
16.347,1.217,2.676,3.257,255,1,0
16.454,1.217,2.676,3.257,255,1,0
16.561,1.216,2.676,3.253,255,1,0
16.667,1.216,2.674,3.252,255,1,0
16.775,1.217,2.674,3.254,255,1,0
16.881,1.217,2.674,3.254,255,1,0
16.989,1.217,2.676,3.257,255,1,0
17.095,1.217,2.674,3.255,255,1,0
17.202,1.217,2.674,3.253,255,1,0
17.309,1.216,2.674,3.252,255,1,0
17.416,1.214,2.674,3.246,255,1,0
